<?xml version="1.0" encoding="UTF-8"?>
<databaseChangeLog xmlns="http://www.liquibase.org/xml/ns/dbchangelog"
                   xmlns:xsi="http://www.w3.org/2001/XMLSchema-instance"
                   xsi:schemaLocation="http://www.liquibase.org/xml/ns/dbchangelog
                   https://www.liquibase.org/xml/ns/dbchangelog/dbchangelog-latest.xsd"
                   logicalFilePath="db/changelog/create-tables/03-create-table-participant.xml">

    <changeSet id="03-create-table-participant" author="michal.bialek">
        <createTable tableName="participant">
            <column name="participant_id" type="BIGSERIAL">
                <constraints primaryKey="true" nullable="false"/>
            </column>
            <column name="first_name" type="VARCHAR(32)">
                <constraints nullable="false"/>
            </column>
            <column name="last_name" type="VARCHAR(32)">
                <constraints nullable="false"/>
            </column>
            <column name="city" type="VARCHAR(32)">
                <constraints nullable="true"/>
            </column>
        </createTable>
    </changeSet>

</databaseChangeLog>
