<?xml version="1.0" encoding="UTF-8"?>
<databaseChangeLog xmlns="http://www.liquibase.org/xml/ns/dbchangelog"
                   xmlns:xsi="http://www.w3.org/2001/XMLSchema-instance"
                   xsi:schemaLocation="http://www.liquibase.org/xml/ns/dbchangelog
                   https://www.liquibase.org/xml/ns/dbchangelog/dbchangelog-latest.xsd"
                   logicalFilePath="db/changelog/create-tables/05-create-table-bid.xml">

    <changeSet id="05-create-table-bid" author="michal.bialek">
        <createTable tableName="bid">
            <column name="bid_id" type="BIGSERIAL">
                <constraints primaryKey="true" nullable="false"/>
            </column>
            <column name="bid_value" type="NUMERIC(4,2)">
                <constraints nullable="false"/>
            </column>
            <column name="bid_date_time" type="TIMESTAMP">
                <constraints nullable="false"/>
            </column>
            <column name="auction_id" type="BIGINT">
                <constraints nullable="false"/>
            </column>
            <column name="participant_id" type="BIGINT">
                <constraints nullable="false"/>
            </column>
        </createTable>

        <addForeignKeyConstraint baseTableName="bid" baseColumnNames="auction_id"
                                 constraintName="fk_bid_auction"
                                 referencedTableName="auction" referencedColumnNames="auction_id"/>

        <addForeignKeyConstraint baseTableName="bid" baseColumnNames="participant_id"
                                 constraintName="fk_bid_participant"
                                 referencedTableName="participant" referencedColumnNames="participant_id"/>
    </changeSet>

</databaseChangeLog>